Workbook

Sheet Raw_data
C1: Raw_data
A2: ID | B2: Employee Name | C2: Joining Date | D2: Birth Date | E2: Project Start Date | F2: Project End Date
A3: E001 | B3: Rahul Sharma | C3: 44576 | D3: 36595 | E3: 46023 | F3: 46112
A4: E002 | B4: Priya Patel | C4: 44247 | D4: 36366 | E4: 46037 | F4: 46127
A5: E003 | B5: Amit Kumar | C5: 44990 | D5: 37243 | E5: 46054 | F5: 46142
A6: E004 | B6: Neha Singh | C6: 43933 | D6: 35937 | E6: 46063 | F6: 46162
A7: E005 | B7: Rohit Verma | C7: 44706 | D7: 36530 | E7: 46082 | F7: 46203
A8: E006 | B8: Sneha Joshi | C8: 44357 | D8: 36417 | E8: 46096 | F8: 46218
A9: E007 | B9: Arjun Mehta | C9: 45125 | D9: 37225 | E9: 46113 | F9: 46234
A10: E008 | B10: Pooja Shah | C10: 44065 | D10: 35834 | E10: 46127 | F10: 46249
A11: E009 | B11: Karan Gupta | C11: 44834 | D11: 36696 | E11: 46143 | F11: 46265
A12: E010 | B12: Anjali Rao | C12: 44483 | D12: 36246 | E12: 46157 | F12: 46280
A13: E011 | B13: Vivek Yadav | C13: 45235 | D13: 37479 | E13: 46174 | F13: 46295
A14: E012 | B14: Riya Kapoor | C14: 44181 | D14: 35829 | E14: 46188 | F14: 46310

Sheet Date_ Analysis
E1: Date_ Analysis
A2: ID | B2: Employee Name | C2: Joining Date | D2: Day | E2: Month | F2: year | G2: Month name | H2: Day Name | I2: Week Number
A3: E001 | B3: Rahul Sharma | C3: 44576 | D3: =DAY(C3) -> 15 | E3: =MONTH(C3) -> 1 | F3: =YEAR(C3) -> 2022 | G3: =TEXT(C3,"mmmm") -> January | H3: =TEXT(C3,"dddd") -> Saturday | I3: =WEEKNUM(C3) -> 3
A4: E002 | B4: Priya Patel | C4: 44247 | D4: =DAY(C4) -> 20 | E4: =MONTH(C4) -> 2 | F4: =YEAR(C4) -> 2021 | G4: =TEXT(C4,"mmmm") -> February | H4: =TEXT(C4,"dddd") -> Saturday | I4: =WEEKNUM(C4) -> 8
A5: E003 | B5: Amit Kumar | C5: 44990 | D5: =DAY(C5) -> 5 | E5: =MONTH(C5) -> 3 | F5: =YEAR(C5) -> 2023 | G5: =TEXT(C5,"mmmm") -> March | H5: =TEXT(C5,"dddd") -> Sunday | I5: =WEEKNUM(C5) -> 10
A6: E004 | B6: Neha Singh | C6: 43933 | D6: =DAY(C6) -> 12 | E6: =MONTH(C6) -> 4 | F6: =YEAR(C6) -> 2020 | G6: =TEXT(C6,"mmmm") -> April | H6: =TEXT(C6,"dddd") -> Sunday | I6: =WEEKNUM(C6) -> 16
A7: E005 | B7: Rohit Verma | C7: 44706 | D7: =DAY(C7) -> 25 | E7: =MONTH(C7) -> 5 | F7: =YEAR(C7) -> 2022 | G7: =TEXT(C7,"mmmm") -> May | H7: =TEXT(C7,"dddd") -> Wednesday | I7: =WEEKNUM(C7) -> 22
A8: E006 | B8: Sneha Joshi | C8: 44357 | D8: =DAY(C8) -> 10 | E8: =MONTH(C8) -> 6 | F8: =YEAR(C8) -> 2021 | G8: =TEXT(C8,"mmmm") -> June | H8: =TEXT(C8,"dddd") -> Thursday | I8: =WEEKNUM(C8) -> 24
A9: E007 | B9: Arjun Mehta | C9: 45125 | D9: =DAY(C9) -> 18 | E9: =MONTH(C9) -> 7 | F9: =YEAR(C9) -> 2023 | G9: =TEXT(C9,"mmmm") -> July | H9: =TEXT(C9,"dddd") -> Tuesday | I9: =WEEKNUM(C9) -> 29
A10: E008 | B10: Pooja Shah | C10: 44065 | D10: =DAY(C10) -> 22 | E10: =MONTH(C10) -> 8 | F10: =YEAR(C10) -> 2020 | G10: =TEXT(C10,"mmmm") -> August | H10: =TEXT(C10,"dddd") -> Saturday | I10: =WEEKNUM(C10) -> 34
A11: E009 | B11: Karan Gupta | C11: 44834 | D11: =DAY(C11) -> 30 | E11: =MONTH(C11) -> 9 | F11: =YEAR(C11) -> 2022 | G11: =TEXT(C11,"mmmm") -> September | H11: =TEXT(C11,"dddd") -> Friday | I11: =WEEKNUM(C11) -> 40
A12: E010 | B12: Anjali Rao | C12: 44483 | D12: =DAY(C12) -> 14 | E12: =MONTH(C12) -> 10 | F12: =YEAR(C12) -> 2021 | G12: =TEXT(C12,"mmmm") -> October | H12: =TEXT(C12,"dddd") -> Thursday | I12: =WEEKNUM(C12) -> 42
A13: E011 | B13: Vivek Yadav | C13: 45235 | D13: =DAY(C13) -> 5 | E13: =MONTH(C13) -> 11 | F13: =YEAR(C13) -> 2023 | G13: =TEXT(C13,"mmmm") -> November | H13: =TEXT(C13,"dddd") -> Sunday | I13: =WEEKNUM(C13) -> 45
A14: E012 | B14: Riya Kapoor | C14: 44181 | D14: =DAY(C14) -> 16 | E14: =MONTH(C14) -> 12 | F14: =YEAR(C14) -> 2020 | G14: =TEXT(C14,"mmmm") -> December | H14: =TEXT(C14,"dddd") -> Wednesday | I14: =WEEKNUM(C14) -> 51

Sheet Date_ Calculations
E1: Date_ Calculations
A2: ID | B2: Employee Name | C2: Joining Date | D2: Today | E2: Experience Years | F2: Experience Months | G2: Experience Days | H2: Project Start | I2: Project End | J2: Project Days | K2: Working Days | L2: 6 Months After Joining | M2: Month End
A3: E001 | B3: Rahul Sharma | C3: 44576 | D3: =TODAY() -> 46292 | E3: =DATEDIF(C3,D3,"Y") -> 4 | F3: =DATEDIF(C3,D3,"M") -> 56 | G3: =DATEDIF(C3,D3,"D") -> 1716 | H3: 46023 | I3: 46112 | J3: =NETWORKDAYS(H3,I3) -> 64 | K3: =WORKDAY(C3,10) -> 44589 | L3: =EDATE(C3,6) -> 44757 | M3: =EOMONTH(C3,0) -> 44592
A4: E002 | B4: Priya Patel | C4: 44577 | D4: =TODAY() -> 46292 | E4: =DATEDIF(C4,D4,"Y") -> 4 | F4: =DATEDIF(C4,D4,"M") -> 56 | G4: =DATEDIF(C4,D4,"D") -> 1715 | H4: 46037 | I4: 46127 | J4: =NETWORKDAYS(H4,I4) -> 65 | K4: =WORKDAY(C4,10) -> 44589 | L4: =EDATE(C4,6) -> 44758 | M4: =EOMONTH(C4,0) -> 44592
A5: E003 | B5: Amit Kumar | C5: 44578 | D5: =TODAY() -> 46292 | E5: =DATEDIF(C5,D5,"Y") -> 4 | F5: =DATEDIF(C5,D5,"M") -> 56 | G5: =DATEDIF(C5,D5,"D") -> 1714 | H5: 46054 | I5: 46142 | J5: =NETWORKDAYS(H5,I5) -> 64 | K5: =WORKDAY(C5,10) -> 44592 | L5: =EDATE(C5,6) -> 44759 | M5: =EOMONTH(C5,0) -> 44592
A6: E004 | B6: Neha Singh | C6: 44579 | D6: =TODAY() -> 46292 | E6: =DATEDIF(C6,D6,"Y") -> 4 | F6: =DATEDIF(C6,D6,"M") -> 56 | G6: =DATEDIF(C6,D6,"D") -> 1713 | H6: 46063 | I6: 46162 | J6: =NETWORKDAYS(H6,I6) -> 72 | K6: =WORKDAY(C6,10) -> 44593 | L6: =EDATE(C6,6) -> 44760 | M6: =EOMONTH(C6,0) -> 44592
A7: E005 | B7: Rohit Verma | C7: 44580 | D7: =TODAY() -> 46292 | E7: =DATEDIF(C7,D7,"Y") -> 4 | F7: =DATEDIF(C7,D7,"M") -> 56 | G7: =DATEDIF(C7,D7,"D") -> 1712 | H7: 46082 | I7: 46203 | J7: =NETWORKDAYS(H7,I7) -> 87 | K7: =WORKDAY(C7,10) -> 44594 | L7: =EDATE(C7,6) -> 44761 | M7: =EOMONTH(C7,0) -> 44592
A8: E006 | B8: Sneha Joshi | C8: 44581 | D8: =TODAY() -> 46292 | E8: =DATEDIF(C8,D8,"Y") -> 4 | F8: =DATEDIF(C8,D8,"M") -> 56 | G8: =DATEDIF(C8,D8,"D") -> 1711 | H8: 46096 | I8: 46218 | J8: =NETWORKDAYS(H8,I8) -> 88 | K8: =WORKDAY(C8,10) -> 44595 | L8: =EDATE(C8,6) -> 44762 | M8: =EOMONTH(C8,0) -> 44592
A9: E007 | B9: Arjun Mehta | C9: 44582 | D9: =TODAY() -> 46292 | E9: =DATEDIF(C9,D9,"Y") -> 4 | F9: =DATEDIF(C9,D9,"M") -> 56 | G9: =DATEDIF(C9,D9,"D") -> 1710 | H9: 46113 | I9: 46234 | J9: =NETWORKDAYS(H9,I9) -> 88 | K9: =WORKDAY(C9,10) -> 44596 | L9: =EDATE(C9,6) -> 44763 | M9: =EOMONTH(C9,0) -> 44592
A10: E008 | B10: Pooja Shah | C10: 44583 | D10: =TODAY() -> 46292 | E10: =DATEDIF(C10,D10,"Y") -> 4 | F10: =DATEDIF(C10,D10,"M") -> 56 | G10: =DATEDIF(C10,D10,"D") -> 1709 | H10: 46127 | I10: 46249 | J10: =NETWORKDAYS(H10,I10) -> 88 | K10: =WORKDAY(C10,10) -> 44596 | L10: =EDATE(C10,6) -> 44764 | M10: =EOMONTH(C10,0) -> 44592
A11: E009 | B11: Karan Gupta | C11: 44584 | D11: =TODAY() -> 46292 | E11: =DATEDIF(C11,D11,"Y") -> 4 | F11: =DATEDIF(C11,D11,"M") -> 56 | G11: =DATEDIF(C11,D11,"D") -> 1708 | H11: 46143 | I11: 46265 | J11: =NETWORKDAYS(H11,I11) -> 87 | K11: =WORKDAY(C11,10) -> 44596 | L11: =EDATE(C11,6) -> 44765 | M11: =EOMONTH(C11,0) -> 44592
A12: E010 | B12: Anjali Rao | C12: 44585 | D12: =TODAY() -> 46292 | E12: =DATEDIF(C12,D12,"Y") -> 4 | F12: =DATEDIF(C12,D12,"M") -> 56 | G12: =DATEDIF(C12,D12,"D") -> 1707 | H12: 46157 | I12: 46280 | J12: =NETWORKDAYS(H12,I12) -> 88 | K12: =WORKDAY(C12,10) -> 44599 | L12: =EDATE(C12,6) -> 44766 | M12: =EOMONTH(C12,0) -> 44592
A13: E011 | B13: Vivek Yadav | C13: 44586 | D13: =TODAY() -> 46292 | E13: =DATEDIF(C13,D13,"Y") -> 4 | F13: =DATEDIF(C13,D13,"M") -> 56 | G13: =DATEDIF(C13,D13,"D") -> 1706 | H13: 46174 | I13: 46295 | J13: =NETWORKDAYS(H13,I13) -> 88 | K13: =WORKDAY(C13,10) -> 44600 | L13: =EDATE(C13,6) -> 44767 | M13: =EOMONTH(C13,0) -> 44592
A14: E012 | B14: Riya Kapoor | C14: 44587 | D14: =TODAY() -> 46292 | E14: =DATEDIF(C14,D14,"Y") -> 4 | F14: =DATEDIF(C14,D14,"M") -> 56 | G14: =DATEDIF(C14,D14,"D") -> 1705 | H14: 46188 | I14: 46310 | J14: =NETWORKDAYS(H14,I14) -> 89 | K14: =WORKDAY(C14,10) -> 44601 | L14: =EDATE(C14,6) -> 44768 | M14: =EOMONTH(C14,0) -> 44592

Sheet Summary
I1: Summary
B2: Experience Analysis | G2: Employee Overview | K2: Project Overview | N2: Joining Month Analysis
B3: Metric | C3: Result | G3: Metric | H3: Result | K3: Metric | L3: Result | N3: Month | O3: Employee Count
B4: Average Experience | C4: =AVERAGE('Date_ Calculations'!E3:E14) -> 4 | G4: Total Employees | H4: =COUNT('Date_ Calculations'!C3:C14) -> 12 | K4: Total Projects | L4: =COUNT('Date_ Calculations'!H3:H14) -> 12 | N4: January | O4: 1
B5: Maximum Experience | C5: =MAX('Date_ Calculations'!E3:E14) -> 4 | G5: Earliest Joining Date | H5: =MIN('Date_ Calculations'!C3:C14) -> 44576 | K5: Earliest Project Start | L5: =MIN('Date_ Calculations'!H3:H14) -> 46023 | N5: February | O5: 1
B6: Minimum Experience | C6: =MIN('Date_ Calculations'!E3:E14) -> 4 | G6: Latest Joining Date | H6: =MAX('Date_ Calculations'!C3:C14) -> 44587 | K6: Latest Project End | L6: =MAX('Date_ Calculations'!I3:I14) -> 46310 | N6: March | O6: 1
B7: Average Working Days | C7: =AVERAGE('Date_ Calculations'!K3:K14) -> 44595 | G7: Earliest Birth Date | H7: =MIN(Raw_data!D3:D14) -> 35829 | K7: Average Project Duration | L7: =AVERAGE('Date_ Calculations'!J3:J14) -> 80.666667 | N7: April | O7: 1
G8: Latest Birth Date | H8: =MAX(Raw_data!D3:D14) -> 37479 | K8: Total Project Days | L8: =SUM('Date_ Calculations'!J3:J14) -> 968 | N8: May | O8: 1
K9: Total Working Days | L9: =SUM('Date_ Calculations'!K3:K14) -> 535140 | N9: June | O9: 1
N10: July | O10: 1
N11: August | O11: 1
N12: September | O12: 1
N13: October | O13: 1
N14: November | O14: 1
N15: December | O15: 1
N16: Total | O16: 1

Sheet Last
